Metric,Value
MSP_AUROC,0.3056
KNN_AUROC,0.9123733796296296
Fog_AUROC,0.8518431327160494
Night_AUROC,0.9729036265432098
