Model,Sunny,Fog,Night
Pedestrian,0.34039512,0.45093927,0.4362597
Vehicle,0.42141917,0.33219606,0.33284602
Traffic Light,0.48645544,0.38186958,0.4300008
