Epoch,Train Loss,Validation Loss
1,0.5102737132708232,0.7157625424782786
2,0.41830401334497663,0.841399915615278
3,0.3647125250101089,0.6165669358343677
4,0.31440223183896804,0.8701358207097624
5,0.26753336164686414,0.7259946617635742
