k,coverage,covered,total,scenes
1,0.4166666666666667,5,12,3600
2,0.17543859649122806,10,57,3600
3,0.07462686567164178,10,134,3600
