Model,ECE
Pedestrian,0.1670005250515209
Vehicle,0.11524257989910741
Traffic Light,0.048178685928643175
